auv_image_name,mod_image_name
PR_20101021_035756_662_LC16,HSthBroad2010_T1a
PR_20101021_035818_646_LC16,HSthBroad2010_T1b
PR_20101021_035849_632_LC16,HSthBroad2010_T1c
PR_20101021_035920_625_LC16,HSthBroad2010_T1d
PR_20101021_035949_621_LC16,HSthBroad2010_T1e
PR_20101021_040014_643_LC16,HSthBroad2010_T1f
PR_20101021_040039_641_LC16,HSthBroad2010_T1g
PR_20101021_040103_603_LC16,HSthBroad2010_T1h
PR_20101021_040127_625_LC16,HSthBroad2010_T1i
PR_20101021_040152_565_LC16,HSthBroad2010_T1j
PR_20101021_040213_575_LC16,HSthBroad2010_T2a
PR_20101021_040238_572_LC16,HSthBroad2010_T2b
PR_20101021_040304_544_LC16,HSthBroad2010_T2c
PR_20101021_040348_566_LC16,HSthBroad2010_T2d
PR_20101021_040412_537_LC16,HSthBroad2010_T2e
PR_20101021_040435_528_LC16,HSthBroad2010_T2f
PR_20101021_040502_556_LC16,HSthBroad2010_T2g
PR_20101021_040526_549_LC16,HSthBroad2010_T2h
PR_20101021_040550_515_LC16,HSthBroad2010_T2i
PR_20101021_040613_504_LC16,HSthBroad2010_T2j
PR_20101021_040635_508_LC16,HSthBroad2010_T3a
PR_20101021_040658_494_LC16,HSthBroad2010_T3b
PR_20101021_040723_493_LC16,HSthBroad2010_T3c
PR_20101021_040747_469_LC16,HSthBroad2010_T3d
PR_20101021_040810_457_LC16,HSthBroad2010_T3e
PR_20101021_040832_444_LC16,HSthBroad2010_T3f
PR_20101021_040854_483_LC16,HSthBroad2010_T3g
PR_20101021_040915_440_LC16,HSthBroad2010_T3h
PR_20101021_040941_438_LC16,HSthBroad2010_T3i
PR_20101021_041004_429_LC16,HSthBroad2010_T3j
PR_20101021_041029_422_LC16,HSthBroad2010_T4a
PR_20101021_041052_411_LC16,HSthBroad2010_T4b
PR_20101021_041116_425_LC16,HSthBroad2010_T4c
PR_20101021_041141_400_LC16,HSthBroad2010_T4d
PR_20101021_041207_426_LC16,HSthBroad2010_T4e
PR_20101021_041228_379_LC16,HSthBroad2010_T4f
PR_20101021_041250_380_LC16,HSthBroad2010_T4g
PR_20101021_041314_370_LC16,HSthBroad2010_T4h
PR_20101021_041336_344_LC16,HSthBroad2010_T4i
PR_20101021_041358_382_LC16,HSthBroad2010_T4j
PR_20101021_041934_778_LC16,HSthBroad2010_T5a
PR_20101021_042001_737_LC16,HSthBroad2010_T5b
PR_20101021_042027_741_LC16,HSthBroad2010_T5c
PR_20101021_042053_723_LC16,HSthBroad2010_T5d
PR_20101021_042116_712_LC16,HSthBroad2010_T5e
PR_20101021_042150_710_LC16,HSthBroad2010_T5f
PR_20101021_042217_686_LC16,HSthBroad2010_T5g
PR_20101021_042242_680_LC16,HSthBroad2010_T5h
PR_20101021_042305_683_LC16,HSthBroad2010_T5i
PR_20101021_042328_668_LC16,HSthBroad2010_T5j
PR_20101021_042352_653_LC16,HSthBroad2010_T6a
PR_20101021_042418_652_LC16,HSthBroad2010_T6b
PR_20101021_042444_650_LC16,HSthBroad2010_T6c
PR_20101021_042509_645_LC16,HSthBroad2010_T6d
PR_20101021_042533_639_LC16,HSthBroad2010_T6e
PR_20101021_042606_658_LC16,HSthBroad2010_T6f
PR_20101021_042638_621_LC16,HSthBroad2010_T6g
PR_20101021_042701_610_LC16,HSthBroad2010_T6h
PR_20101021_042724_620_LC16,HSthBroad2010_T6i
PR_20101021_042748_613_LC16,HSthBroad2010_T6j
PR_20101021_042816_577_LC16,HSthBroad2010_T7a
PR_20101021_042849_562_LC16,HSthBroad2010_T7b
PR_20101021_042932_557_LC16,HSthBroad2010_T7c
PR_20101021_043001_539_LC16,HSthBroad2010_T7d
PR_20101021_043024_534_LC16,HSthBroad2010_T7e
PR_20101021_043048_519_LC16,HSthBroad2010_T7f
PR_20101021_043114_531_LC16,HSthBroad2010_T7g
PR_20101021_043149_538_LC16,HSthBroad2010_T7h
PR_20101021_043212_504_LC16,HSthBroad2010_T7i
PR_20101021_043239_504_LC16,HSthBroad2010_T7j
PR_20101021_043310_490_LC16,HSthBroad2010_T8a
PR_20101021_043335_514_LC16,HSthBroad2010_T8b
PR_20101021_043401_467_LC16,HSthBroad2010_T8c
PR_20101021_043427_471_LC16,HSthBroad2010_T8d
PR_20101021_043454_454_LC16,HSthBroad2010_T8e
PR_20101021_043519_448_LC16,HSthBroad2010_T8f
PR_20101021_043544_424_LC16,HSthBroad2010_T8g
PR_20101021_043607_978_LC16,HSthBroad2010_T8h
PR_20101021_043630_935_LC16,HSthBroad2010_T8i
PR_20101021_043700_917_LC16,HSthBroad2010_T8j
PR_20101021_044137_822_LC16,HSthBroad2010_T9a
PR_20101021_044206_820_LC16,HSthBroad2010_T9b
PR_20101021_044230_838_LC16,HSthBroad2010_T9c
PR_20101021_044254_831_LC16,HSthBroad2010_T9d
PR_20101021_044318_823_LC16,HSthBroad2010_T9e
PR_20101021_044343_821_LC16,HSthBroad2010_T9f
PR_20101021_044416_758_LC16,HSthBroad2010_T9g
PR_20101021_044445_789_LC16,HSthBroad2010_T9h
PR_20101021_044514_745_LC16,HSthBroad2010_T9i
PR_20101021_044538_752_LC16,HSthBroad2010_T9j
PR_20101021_044606_742_LC16,HSthBroad2010_T10a
PR_20101021_044636_746_LC16,HSthBroad2010_T10b
PR_20101021_044703_756_LC16,HSthBroad2010_T10c
PR_20101021_044728_695_LC16,HSthBroad2010_T10d
PR_20101021_044752_694_LC16,HSthBroad2010_T10e
PR_20101021_044819_688_LC16,HSthBroad2010_T10f
PR_20101021_044847_721_LC16,HSthBroad2010_T10g
PR_20101021_044915_668_LC16,HSthBroad2010_T10h
PR_20101021_044940_664_LC16,HSthBroad2010_T10i
PR_20101021_045012_653_LC16,HSthBroad2010_T10j
PR_20101021_045038_650_LC16,HSthBroad2010_T11a
PR_20101021_045102_641_LC16,HSthBroad2010_T11b
PR_20101021_045128_613_LC16,HSthBroad2010_T11c
PR_20101021_045154_609_LC16,HSthBroad2010_T11d
PR_20101021_045221_610_LC16,HSthBroad2010_T11e
PR_20101021_045246_605_LC16,HSthBroad2010_T11f
PR_20101021_045311_630_LC16,HSthBroad2010_T11g
PR_20101021_045334_588_LC16,HSthBroad2010_T11h
PR_20101021_045402_577_LC16,HSthBroad2010_T11i
PR_20101021_045434_552_LC16,HSthBroad2010_T11j
PR_20101021_045501_085_LC16,HSthBroad2010_T12a
PR_20101021_045526_080_LC16,HSthBroad2010_T12b
PR_20101021_045559_047_LC16,HSthBroad2010_T12c
PR_20101021_045623_065_LC16,HSthBroad2010_T12d
PR_20101021_045652_018_LC16,HSthBroad2010_T12e
PR_20101021_045719_045_LC16,HSthBroad2010_T12f
PR_20101021_045743_009_LC16,HSthBroad2010_T12g
PR_20101021_045807_003_LC16,HSthBroad2010_T12h
PR_20101021_045834_993_LC16,HSthBroad2010_T12i
PR_20101021_045901_982_LC16,HSthBroad2010_T12j
PR_20101021_050406_921_LC16,HSthBroad2010_T13a
PR_20101021_050430_912_LC16,HSthBroad2010_T13b
PR_20101021_050451_870_LC16,HSthBroad2010_T13c
PR_20101021_050511_875_LC16,HSthBroad2010_T13d
PR_20101021_050532_880_LC16,HSthBroad2010_T13e
PR_20101021_050552_847_LC16,HSthBroad2010_T13f
PR_20101021_050613_872_LC16,HSthBroad2010_T13g
PR_20101021_050634_832_LC16,HSthBroad2010_T13h
PR_20101021_050654_840_LC16,HSthBroad2010_T13i
PR_20101021_050717_852_LC16,HSthBroad2010_T13j
PR_20101021_050741_822_LC16,HSthBroad2010_T14a
PR_20101021_050807_819_LC16,HSthBroad2010_T14b
PR_20101021_050831_811_LC16,HSthBroad2010_T14c
PR_20101021_050854_826_LC16,HSthBroad2010_T14d
PR_20101021_050916_808_LC16,HSthBroad2010_T14e
PR_20101021_050938_772_LC16,HSthBroad2010_T14f
PR_20101021_051002_764_LC16,HSthBroad2010_T14g
PR_20101021_051024_750_LC16,HSthBroad2010_T14h
PR_20101021_051049_757_LC16,HSthBroad2010_T14i
PR_20101021_051113_736_LC16,HSthBroad2010_T14j
PR_20101021_051136_726_LC16,HSthBroad2010_T15a
PR_20101021_051201_720_LC16,HSthBroad2010_T15b
PR_20101021_051227_718_LC16,HSthBroad2010_T15c
PR_20101021_051253_715_LC16,HSthBroad2010_T15d
PR_20101021_051319_743_LC16,HSthBroad2010_T15e
PR_20101021_051344_682_LC16,HSthBroad2010_T15f
PR_20101021_051408_673_LC16,HSthBroad2010_T15g
PR_20101021_051433_177_LC16,HSthBroad2010_T15h
PR_20101021_051458_170_LC16,HSthBroad2010_T15i
PR_20101021_051520_211_LC16,HSthBroad2010_T15j
PR_20101021_051543_197_LC16,HSthBroad2010_T16a
PR_20101021_051606_180_LC16,HSthBroad2010_T16b
PR_20101021_051632_154_LC16,HSthBroad2010_T16c
PR_20101021_051658_126_LC16,HSthBroad2010_T16d
PR_20101021_051722_117_LC16,HSthBroad2010_T16e
PR_20101021_051746_110_LC16,HSthBroad2010_T16f
PR_20101021_051808_122_LC16,HSthBroad2010_T16g
PR_20101021_051830_109_LC16,HSthBroad2010_T16h
PR_20101021_051854_102_LC16,HSthBroad2010_T16i
PR_20101021_051918_095_LC16,HSthBroad2010_T16j
PR_20101021_052352_994_LC16,HSthBroad2010_T17a
PR_20101021_052424_991_LC16,HSthBroad2010_T17b
PR_20101021_052454_014_LC16,HSthBroad2010_T17c
PR_20101021_052522_986_LC16,HSthBroad2010_T17d
PR_20101021_052548_969_LC16,HSthBroad2010_T17e
PR_20101021_052613_964_LC16,HSthBroad2010_T17f
PR_20101021_052639_962_LC16,HSthBroad2010_T17g
PR_20101021_052702_978_LC16,HSthBroad2010_T17h
PR_20101021_052727_976_LC16,HSthBroad2010_T17i
PR_20101021_052753_918_LC16,HSthBroad2010_T17j
PR_20101021_052816_907_LC16,HSthBroad2010_T18a
PR_20101021_052840_899_LC16,HSthBroad2010_T18b
PR_20101021_052904_890_LC16,HSthBroad2010_T18c
PR_20101021_052928_882_LC16,HSthBroad2010_T18d
PR_20101021_052951_927_LC16,HSthBroad2010_T18e
PR_20101021_053014_885_LC16,HSthBroad2010_T18f
PR_20101021_053037_876_LC16,HSthBroad2010_T18g
PR_20101021_053100_864_LC16,HSthBroad2010_T18h
PR_20101021_053123_852_LC16,HSthBroad2010_T18i
PR_20101021_053147_844_LC16,HSthBroad2010_T18j
PR_20101021_053212_838_LC16,HSthBroad2010_T19a
PR_20101021_053236_831_LC16,HSthBroad2010_T19b
PR_20101021_053301_824_LC16,HSthBroad2010_T19c
PR_20101021_053326_323_LC16,HSthBroad2010_T19d
PR_20101021_053349_311_LC16,HSthBroad2010_T19e
PR_20101021_053412_317_LC16,HSthBroad2010_T19f
PR_20101021_053434_285_LC16,HSthBroad2010_T19g
PR_20101021_053457_279_LC16,HSthBroad2010_T19h
PR_20101021_053519_283_LC16,HSthBroad2010_T19i
PR_20101021_053541_290_LC16,HSthBroad2010_T19j
PR_20101021_053603_255_LC16,HSthBroad2010_T20a
PR_20101021_053626_245_LC16,HSthBroad2010_T20b
PR_20101021_053650_247_LC16,HSthBroad2010_T20c
PR_20101021_053714_230_LC16,HSthBroad2010_T20d
PR_20101021_053739_225_LC16,HSthBroad2010_T20e
PR_20101021_053803_218_LC16,HSthBroad2010_T20f
PR_20101021_053829_218_LC16,HSthBroad2010_T20g
PR_20101021_053854_214_LC16,HSthBroad2010_T20h
PR_20101021_053919_236_LC16,HSthBroad2010_T20i
PR_20101021_053942_224_LC16,HSthBroad2010_T20j
PR_20101021_054442_106_LC16,HSthBroad2010_T21a
PR_20101021_054512_136_LC16,HSthBroad2010_T21b
PR_20101021_054538_079_LC16,HSthBroad2010_T21c
PR_20101021_054603_073_LC16,HSthBroad2010_T21d
PR_20101021_054626_063_LC16,HSthBroad2010_T21e
PR_20101021_054648_106_LC16,HSthBroad2010_T21f
PR_20101021_054711_092_LC16,HSthBroad2010_T21g
PR_20101021_054735_057_LC16,HSthBroad2010_T21h
PR_20101021_054759_076_LC16,HSthBroad2010_T21i
PR_20101021_054825_021_LC16,HSthBroad2010_T21j
PR_20101021_054851_018_LC16,HSthBroad2010_T22a
PR_20101021_054915_010_LC16,HSthBroad2010_T22b
PR_20101021_054939_016_LC16,HSthBroad2010_T22c
PR_20101021_055000_989_LC16,HSthBroad2010_T22d
PR_20101021_055024_003_LC16,HSthBroad2010_T22e
PR_20101021_055046_013_LC16,HSthBroad2010_T22f
PR_20101021_055106_972_LC16,HSthBroad2010_T22g
PR_20101021_055128_013_LC16,HSthBroad2010_T22h
PR_20101021_055149_968_LC16,HSthBroad2010_T22i
PR_20101021_055211_954_LC16,HSthBroad2010_T22j
PR_20101021_055234_956_LC16,HSthBroad2010_T23a
PR_20101021_055258_449_LC16,HSthBroad2010_T23b
PR_20101021_055321_435_LC16,HSthBroad2010_T23c
PR_20101021_055343_447_LC16,HSthBroad2010_T23d
PR_20101021_055405_451_LC16,HSthBroad2010_T23e
PR_20101021_055426_425_LC16,HSthBroad2010_T23f
PR_20101021_055446_443_LC16,HSthBroad2010_T23g
PR_20101021_055508_405_LC16,HSthBroad2010_T23h
PR_20101021_055531_408_LC16,HSthBroad2010_T23i
PR_20101021_055555_385_LC16,HSthBroad2010_T23j
PR_20101021_055618_386_LC16,HSthBroad2010_T24a
PR_20101021_055639_384_LC16,HSthBroad2010_T24b
PR_20101021_055701_371_LC16,HSthBroad2010_T24c
PR_20101021_055723_358_LC16,HSthBroad2010_T24d
PR_20101021_055747_351_LC16,HSthBroad2010_T24e
PR_20101021_055811_358_LC16,HSthBroad2010_T24f
PR_20101021_055836_340_LC16,HSthBroad2010_T24g
PR_20101021_055901_337_LC16,HSthBroad2010_T24h
PR_20101021_055924_343_LC16,HSthBroad2010_T24i
PR_20101021_055946_324_LC16,HSthBroad2010_T24j
PR_20101021_060004_332_LC16,HSthBroad2010_T25a
PR_20101021_060034_310_LC16,HSthBroad2010_T25b
PR_20101021_060100_297_LC16,HSthBroad2010_T25c
PR_20101021_060125_315_LC16,HSthBroad2010_T25d
PR_20101021_060149_285_LC16,HSthBroad2010_T25e
PR_20101021_060213_300_LC16,HSthBroad2010_T25f
PR_20101021_060236_267_LC16,HSthBroad2010_T25g
PR_20101021_060301_264_LC16,HSthBroad2010_T25h
PR_20101021_060325_276_LC16,HSthBroad2010_T25i
PR_20101021_060349_269_LC16,HSthBroad2010_T25j
PR_20101021_060413_240_LC16,HSthBroad2010_T26a
PR_20101021_060437_254_LC16,HSthBroad2010_T26b
PR_20101021_060504_263_LC16,HSthBroad2010_T26c
PR_20101021_060531_221_LC16,HSthBroad2010_T26d
PR_20101021_060558_234_LC16,HSthBroad2010_T26e
PR_20101021_060623_205_LC16,HSthBroad2010_T26f
PR_20101021_060649_185_LC16,HSthBroad2010_T26g
PR_20101021_060715_173_LC16,HSthBroad2010_T26h
PR_20101021_060740_169_LC16,HSthBroad2010_T26i
PR_20101021_060807_169_LC16,HSthBroad2010_T26j
PR_20101021_060833_148_LC16,HSthBroad2010_T27a
PR_20101021_060857_133_LC16,HSthBroad2010_T27b
PR_20101021_060921_125_LC16,HSthBroad2010_T27c
PR_20101021_060945_117_LC16,HSthBroad2010_T27d
PR_20101021_061010_112_LC16,HSthBroad2010_T27e
PR_20101021_061034_104_LC16,HSthBroad2010_T27f
PR_20101021_061059_112_LC16,HSthBroad2010_T27g
PR_20101021_061123_102_LC16,HSthBroad2010_T27h
PR_20101021_061148_084_LC16,HSthBroad2010_T27i
PR_20101021_061214_617_LC16,HSthBroad2010_T27j
PR_20101021_061238_582_LC16,HSthBroad2010_T28a
PR_20101021_061304_579_LC16,HSthBroad2010_T28b
PR_20101021_061329_547_LC16,HSthBroad2010_T28c
PR_20101021_061354_540_LC16,HSthBroad2010_T28d
PR_20101021_061419_548_LC16,HSthBroad2010_T28e
PR_20101021_061444_530_LC16,HSthBroad2010_T28f
PR_20101021_061508_538_LC16,HSthBroad2010_T28g
PR_20101021_061533_538_LC16,HSthBroad2010_T28h
PR_20101021_061603_500_LC16,HSthBroad2010_T28i
PR_20101021_061636_494_LC16,HSthBroad2010_T28j
PR_20101021_061702_493_LC16,HSthBroad2010_T29a
PR_20101021_061725_483_LC16,HSthBroad2010_T29b
PR_20101021_061750_502_LC16,HSthBroad2010_T29c
PR_20101021_061816_477_LC16,HSthBroad2010_T29d
PR_20101021_061840_470_LC16,HSthBroad2010_T29e
PR_20101021_061906_453_LC16,HSthBroad2010_T29f
PR_20101021_061939_436_LC16,HSthBroad2010_T29g
PR_20101021_062004_432_LC16,HSthBroad2010_T29h
PR_20101021_062030_454_LC16,HSthBroad2010_T29i
PR_20101021_062057_406_LC16,HSthBroad2010_T29j
PR_20101021_062128_449_LC16,HSthBroad2010_T30a
PR_20101021_062215_400_LC16,HSthBroad2010_T30b
PR_20101021_062253_382_LC16,HSthBroad2010_T30c
PR_20101021_062324_369_LC16,HSthBroad2010_T30d
PR_20101021_062348_379_LC16,HSthBroad2010_T30e
PR_20101021_062414_360_LC16,HSthBroad2010_T30f
PR_20101021_062445_367_LC16,HSthBroad2010_T30g
PR_20101021_062512_377_LC16,HSthBroad2010_T30h
PR_20101021_062541_349_LC16,HSthBroad2010_T30i
PR_20101021_062612_331_LC16,HSthBroad2010_T30j
PR_20101021_062642_297_LC16,HSthBroad2010_T31a
PR_20101021_062722_294_LC16,HSthBroad2010_T31b
PR_20101021_062746_287_LC16,HSthBroad2010_T31c
PR_20101021_062815_283_LC16,HSthBroad2010_T31d
PR_20101021_062839_275_LC16,HSthBroad2010_T31e
PR_20101021_062902_287_LC16,HSthBroad2010_T31f
PR_20101021_062933_249_LC16,HSthBroad2010_T31g
PR_20101021_062959_274_LC16,HSthBroad2010_T31h
PR_20101021_063021_253_LC16,HSthBroad2010_T31i
PR_20101021_063053_242_LC16,HSthBroad2010_T31j
PR_20101021_063130_718_LC16,HSthBroad2010_T32a
PR_20101021_063156_720_LC16,HSthBroad2010_T32b
PR_20101021_063220_695_LC16,HSthBroad2010_T32c
PR_20101021_063243_682_LC16,HSthBroad2010_T32d
PR_20101021_063306_670_LC16,HSthBroad2010_T32e
PR_20101021_063335_677_LC16,HSthBroad2010_T32f
PR_20101021_063358_665_LC16,HSthBroad2010_T32g
PR_20101021_063421_654_LC16,HSthBroad2010_T32h
PR_20101021_063445_668_LC16,HSthBroad2010_T32i
PR_20101021_063514_639_LC16,HSthBroad2010_T32j
PR_20101021_063538_631_LC16,HSthBroad2010_T33a
PR_20101021_063604_621_LC16,HSthBroad2010_T33b
PR_20101021_063626_607_LC16,HSthBroad2010_T33c
PR_20101021_063649_598_LC16,HSthBroad2010_T33d
PR_20101021_063713_590_LC16,HSthBroad2010_T33e
PR_20101021_063736_636_LC16,HSthBroad2010_T33f
PR_20101021_063758_593_LC16,HSthBroad2010_T33g
PR_20101021_063819_591_LC16,HSthBroad2010_T33h
PR_20101021_063842_577_LC16,HSthBroad2010_T33i
PR_20101021_063906_560_LC16,HSthBroad2010_T33j
PR_20101021_063930_563_LC16,HSthBroad2010_T34a
PR_20101021_063954_556_LC16,HSthBroad2010_T34b
PR_20101021_064017_542_LC16,HSthBroad2010_T34c
PR_20101021_064040_580_LC16,HSthBroad2010_T34d
PR_20101021_064103_569_LC16,HSthBroad2010_T34e
PR_20101021_064126_553_LC16,HSthBroad2010_T34f
PR_20101021_064151_525_LC16,HSthBroad2010_T34g
PR_20101021_064216_550_LC16,HSthBroad2010_T34h
PR_20101021_064237_504_LC16,HSthBroad2010_T34i
PR_20101021_064300_511_LC16,HSthBroad2010_T34j
PR_20101021_064323_482_LC16,HSthBroad2010_T35a
PR_20101021_064346_471_LC16,HSthBroad2010_T35b
PR_20101021_064409_461_LC16,HSthBroad2010_T35c
PR_20101021_064432_476_LC16,HSthBroad2010_T35d
PR_20101021_064454_463_LC16,HSthBroad2010_T35e
PR_20101021_064518_455_LC16,HSthBroad2010_T35f
PR_20101021_064541_445_LC16,HSthBroad2010_T35g
PR_20101021_064604_433_LC16,HSthBroad2010_T35h
PR_20101021_064628_443_LC16,HSthBroad2010_T35i
PR_20101021_064651_413_LC16,HSthBroad2010_T35j
PR_20101021_065143_829_LC16,HSthBroad2010_T36a
PR_20101021_065207_819_LC16,HSthBroad2010_T36b
PR_20101021_065230_832_LC16,HSthBroad2010_T36c
PR_20101021_065253_797_LC16,HSthBroad2010_T36d
PR_20101021_065317_789_LC16,HSthBroad2010_T36e
PR_20101021_065342_807_LC16,HSthBroad2010_T36f
PR_20101021_065407_780_LC16,HSthBroad2010_T36g
PR_20101021_065432_775_LC16,HSthBroad2010_T36h
PR_20101021_065456_768_LC16,HSthBroad2010_T36i
PR_20101021_065520_791_LC16,HSthBroad2010_T36j
PR_20101021_065544_754_LC16,HSthBroad2010_T37a
PR_20101021_065609_724_LC16,HSthBroad2010_T37b
PR_20101021_065635_737_LC16,HSthBroad2010_T37c
PR_20101021_065702_748_LC16,HSthBroad2010_T37d
PR_20101021_065729_700_LC16,HSthBroad2010_T37e
PR_20101021_065755_699_LC16,HSthBroad2010_T37f
PR_20101021_065826_697_LC16,HSthBroad2010_T37g
PR_20101021_065850_679_LC16,HSthBroad2010_T37h
PR_20101021_065915_688_LC16,HSthBroad2010_T37i
PR_20101021_065940_669_LC16,HSthBroad2010_T37j
PR_20101021_070004_663_LC16,HSthBroad2010_T38a
PR_20101021_070029_657_LC16,HSthBroad2010_T38b
PR_20101021_070055_656_LC16,HSthBroad2010_T38c
PR_20101021_070119_649_LC16,HSthBroad2010_T38d
PR_20101021_070144_643_LC16,HSthBroad2010_T38e
PR_20101021_070207_633_LC16,HSthBroad2010_T38f
PR_20101021_070231_651_LC16,HSthBroad2010_T38g
PR_20101021_070255_618_LC16,HSthBroad2010_T38h
PR_20101021_070318_630_LC16,HSthBroad2010_T38i
PR_20101021_070343_602_LC16,HSthBroad2010_T38j
PR_20101021_070410_577_LC16,HSthBroad2010_T39a
PR_20101021_070437_578_LC16,HSthBroad2010_T39b
PR_20101021_070503_575_LC16,HSthBroad2010_T39c
PR_20101021_070528_570_LC16,HSthBroad2010_T39d
PR_20101021_070556_548_LC16,HSthBroad2010_T39e
PR_20101021_070620_539_LC16,HSthBroad2010_T39f
PR_20101021_070643_542_LC16,HSthBroad2010_T39g
PR_20101021_070708_523_LC16,HSthBroad2010_T39h
PR_20101021_070732_515_LC16,HSthBroad2010_T39i
PR_20101021_070758_513_LC16,HSthBroad2010_T39j
PR_20101021_070838_498_LC16,HSthBroad2010_T40a
PR_20101021_070905_473_LC16,HSthBroad2010_T40b
PR_20101021_070929_465_LC16,HSthBroad2010_T40c
PR_20101021_070955_968_LC16,HSthBroad2010_T40d
PR_20101021_071019_957_LC16,HSthBroad2010_T40e
PR_20101021_071045_955_LC16,HSthBroad2010_T40f
PR_20101021_071111_977_LC16,HSthBroad2010_T40g
PR_20101021_071140_929_LC16,HSthBroad2010_T40h
PR_20101021_071204_921_LC16,HSthBroad2010_T40i
PR_20101021_071232_923_LC16,HSthBroad2010_T40j
PR_20101021_071254_909_LC16,HSthBroad2010_T41a
PR_20101021_071328_904_LC16,HSthBroad2010_T41b
PR_20101021_071358_888_LC16,HSthBroad2010_T41c
PR_20101021_071426_866_LC16,HSthBroad2010_T41d
PR_20101021_071450_870_LC16,HSthBroad2010_T41e
PR_20101021_071514_864_LC16,HSthBroad2010_T41f
PR_20101021_071538_857_LC16,HSthBroad2010_T41g
PR_20101021_071603_842_LC16,HSthBroad2010_T41h
PR_20101021_071627_835_LC16,HSthBroad2010_T41i
PR_20101021_071652_832_LC16,HSthBroad2010_T41j
PR_20101021_071718_855_LC16,HSthBroad2010_T42a
PR_20101021_071756_814_LC16,HSthBroad2010_T42b
PR_20101021_071821_809_LC16,HSthBroad2010_T42c
PR_20101021_071845_804_LC16,HSthBroad2010_T42d
PR_20101021_071907_802_LC16,HSthBroad2010_T42e
PR_20101021_071931_796_LC16,HSthBroad2010_T42f
PR_20101021_071956_795_LC16,HSthBroad2010_T42g
PR_20101021_072023_806_LC16,HSthBroad2010_T42h
PR_20101021_072051_772_LC16,HSthBroad2010_T42i
PR_20101021_072122_756_LC16,HSthBroad2010_T42j
PR_20101021_072147_740_LC16,HSthBroad2010_T43a
PR_20101021_072214_742_LC16,HSthBroad2010_T43b
PR_20101021_072237_731_LC16,HSthBroad2010_T43c
PR_20101021_072259_732_LC16,HSthBroad2010_T43d
PR_20101021_072327_749_LC16,HSthBroad2010_T43e
PR_20101021_072350_712_LC16,HSthBroad2010_T43f
PR_20101021_072413_701_LC16,HSthBroad2010_T43g
PR_20101021_072436_708_LC16,HSthBroad2010_T43h
PR_20101021_072500_682_LC16,HSthBroad2010_T43i
PR_20101021_072527_710_LC16,HSthBroad2010_T43j
PR_20101021_072552_708_LC16,HSthBroad2010_T44a
PR_20101021_072616_671_LC16,HSthBroad2010_T44b
PR_20101021_072637_654_LC16,HSthBroad2010_T44c
PR_20101021_072659_654_LC16,HSthBroad2010_T44d
PR_20101021_072722_630_LC16,HSthBroad2010_T44e
PR_20101021_072745_619_LC16,HSthBroad2010_T44f
PR_20101021_072809_610_LC16,HSthBroad2010_T44g
PR_20101021_072833_610_LC16,HSthBroad2010_T44h
PR_20101021_072858_597_LC16,HSthBroad2010_T44i
PR_20101021_072922_101_LC16,HSthBroad2010_T44j
PR_20101021_072945_107_LC16,HSthBroad2010_T45a
PR_20101021_073007_116_LC16,HSthBroad2010_T45b
PR_20101021_073030_081_LC16,HSthBroad2010_T45c
PR_20101021_073053_069_LC16,HSthBroad2010_T45d
PR_20101021_073115_054_LC16,HSthBroad2010_T45e
PR_20101021_073137_066_LC16,HSthBroad2010_T45f
PR_20101021_073159_076_LC16,HSthBroad2010_T45g
PR_20101021_073222_042_LC16,HSthBroad2010_T45h
PR_20101021_073245_031_LC16,HSthBroad2010_T45i
PR_20101021_073308_020_LC16,HSthBroad2010_T45j
PR_20101021_073331_011_LC16,HSthBroad2010_T46a
PR_20101021_073355_014_LC16,HSthBroad2010_T46b
PR_20101021_073417_994_LC16,HSthBroad2010_T46c
PR_20101021_073441_010_LC16,HSthBroad2010_T46d
PR_20101021_073505_033_LC16,HSthBroad2010_T46e
PR_20101021_073527_994_LC16,HSthBroad2010_T46f
PR_20101021_073549_981_LC16,HSthBroad2010_T46g
PR_20101021_073611_980_LC16,HSthBroad2010_T46h
PR_20101021_073635_961_LC16,HSthBroad2010_T46i
PR_20101021_073700_957_LC16,HSthBroad2010_T46j
PR_20101021_074207_872_LC16,HSthBroad2010_T47a
PR_20101021_074236_852_LC16,HSthBroad2010_T47b
PR_20101021_074304_856_LC16,HSthBroad2010_T47c
PR_20101021_074330_840_LC16,HSthBroad2010_T47d
PR_20101021_074353_818_LC16,HSthBroad2010_T47e
PR_20101021_074417_810_LC16,HSthBroad2010_T47f
PR_20101021_074444_811_LC16,HSthBroad2010_T47g
PR_20101021_074511_811_LC16,HSthBroad2010_T47h
PR_20101021_074537_783_LC16,HSthBroad2010_T47i
PR_20101021_074603_781_LC16,HSthBroad2010_T47j
PR_20101021_074629_780_LC16,HSthBroad2010_T48a
PR_20101021_074652_785_LC16,HSthBroad2010_T48b
PR_20101021_074717_764_LC16,HSthBroad2010_T48c
PR_20101021_074743_789_LC16,HSthBroad2010_T48d
PR_20101021_074813_744_LC16,HSthBroad2010_T48e
PR_20101021_074836_251_LC16,HSthBroad2010_T48f
PR_20101021_074900_227_LC16,HSthBroad2010_T48g
PR_20101021_074926_246_LC16,HSthBroad2010_T48h
PR_20101021_074953_254_LC16,HSthBroad2010_T48i
PR_20101021_075017_215_LC16,HSthBroad2010_T48j
PR_20101021_075042_183_LC16,HSthBroad2010_T49a
PR_20101021_075108_180_LC16,HSthBroad2010_T49b
PR_20101021_075131_180_LC16,HSthBroad2010_T49c
PR_20101021_075153_180_LC16,HSthBroad2010_T49d
PR_20101021_075216_172_LC16,HSthBroad2010_T49e
PR_20101021_075241_166_LC16,HSthBroad2010_T49f
PR_20101021_075305_190_LC16,HSthBroad2010_T49g
PR_20101021_075330_130_LC16,HSthBroad2010_T49h
PR_20101021_075356_128_LC16,HSthBroad2010_T49i
PR_20101021_075420_122_LC16,HSthBroad2010_T49j
PR_20101021_075443_112_LC16,HSthBroad2010_T50a
PR_20101021_075514_108_LC16,HSthBroad2010_T50b
PR_20101021_075542_105_LC16,HSthBroad2010_T50c
PR_20101021_075607_101_LC16,HSthBroad2010_T50d
PR_20101021_075634_077_LC16,HSthBroad2010_T50e
PR_20101021_075707_081_LC16,HSthBroad2010_T50f
PR_20101021_075731_075_LC16,HSthBroad2010_T50g
PR_20101021_075758_065_LC16,HSthBroad2010_T50h
PR_20101021_075822_058_LC16,HSthBroad2010_T50i
PR_20101021_075850_035_LC16,HSthBroad2010_T50j
PR_20101021_075917_038_LC16,HSthBroad2010_T51a
PR_20101021_075940_026_LC16,HSthBroad2010_T51b
PR_20101021_080002_013_LC16,HSthBroad2010_T51c
PR_20101021_080027_009_LC16,HSthBroad2010_T51d
PR_20101021_080049_020_LC16,HSthBroad2010_T51e
PR_20101021_080118_001_LC16,HSthBroad2010_T51f
PR_20101021_080145_002_LC16,HSthBroad2010_T51g
PR_20101021_080206_990_LC16,HSthBroad2010_T51h
PR_20101021_080232_986_LC16,HSthBroad2010_T51i
PR_20101021_080256_979_LC16,HSthBroad2010_T51j
