time, front, rear, index
2013-04-05 18:27:59+11:00, f01.png, r01.png, 1
2013-04-05 18:28:19+11:00, f02.png, r02.png, 2
2013-04-05 18:28:39+11:00, f03.png, r03.png, 3
2013-04-05 18:28:59+11:00, f04.png, r04.png, 4
2013-04-05 18:29:19+11:00, f05.png, r05.png, 5
2013-04-05 18:29:39+11:00, f06.png, r06.png, 6
2013-04-05 18:29:59+11:00, f07.png, r07.png, 7
2013-04-05 18:30:19+11:00, f08.png, r08.png, 8
2013-04-05 18:30:39+11:00, f09.png, r09.png, 9
2013-04-05 18:30:59+11:00, f10.png, r10.png, 10
2013-04-05 18:31:19+11:00, f11.png, r11.png, 11
2013-04-05 18:31:39+11:00, f12.png, r12.png, 12
2013-04-05 18:31:59+11:00, f13.png, r13.png, 13
2013-04-05 18:32:19+11:00, f14.png, r14.png, 14
2013-04-05 18:32:39+11:00, f15.png, r15.png, 15
2013-04-05 18:32:59+11:00, f16.png, r16.png, 16
